{"name":"t:sections.footer.name","type":"footer","sections":{"footer":{"type":"footer","blocks":{"brand-information":{"type":"brand_information","settings":{"show_social":true}}},"block_order":["brand-information"],"settings":{"color_scheme":"inverse","newsletter_enable":false,"newsletter_heading":"Subscribe to our emails","enable_follow_on_shop":false,"show_social":false,"enable_country_selector":false,"enable_language_selector":false,"payment_enable":false,"show_policy":false,"margin_top":0,"padding_top":52,"padding_bottom":52}}},"order":["footer"]}