{"sections":{"featured_collection_V43Ybn":{"type":"featured-collection","settings":{"title":"Featured collection","heading_size":"h1","description":"","show_description":false,"description_style":"body","collection":"","products_to_show":4,"columns_desktop":4,"full_width":false,"show_view_all":true,"view_all_style":"link","enable_desktop_slider":false,"color_scheme":"inverse","image_ratio":"adapt","image_shape":"default","show_secondary_image":false,"show_vendor":false,"show_rating":false,"enable_quick_add":false,"columns_mobile":"2","swipe_on_mobile":false,"padding_top":36,"padding_bottom":36}}},"order":["featured_collection_V43Ybn"]}